"avatarUrl","creatorName","creatorUrl","description","membersCount","postsCount","scrapedAt","searchUrl"
"https://c10.patreonusercontent.com/4/patreon-media/p/campaign/726456/a3e5452cf28246a0a889694ce37edf1e/eyJ3IjoyNDB9/1.jpg?token-time=2145916800&token-hash=O6YzpyTktieSqHEwYcsMKzmt0JoJ3repDscOmjojR6Q%3D","Ryan Van Duzer","https://www.patreon.com/RyanVanDuzer?utm_source=search","Creating video content that will inspire you to get Out There!","","226 posts","2026-02-13T18:01:45.429Z","https://www.patreon.com/search?q=hiking%20club%20outdoor%20adventure%20group"
"https://c10.patreonusercontent.com/4/patreon-media/p/campaign/1270405/62c9e6f6b35344f5ac18b59f1d6137f9/eyJ3IjoyNDB9/4.jpg?token-time=2145916800&token-hash=Yfvu39NC0rYxpMfTadYtfSDlrKEFX_i9sfqrCPGa1Z0%3D","Love Her Wild CIC","https://www.patreon.com/loveherwild?utm_source=search","creating community, support & opportunities for women to get out","520 members","95 posts","2026-02-13T18:01:45.430Z","https://www.patreon.com/search?q=hiking%20club%20outdoor%20adventure%20group"
"https://c10.patreonusercontent.com/4/patreon-media/p/campaign/12416945/8e60d9f61595414fa7bfc86afca3f0f5/eyJ3IjoyNDB9/2.png?token-time=2145916800&token-hash=ghuVOKLK0e7wL-ymUfvB4Ebzojacn-0LxULUwb1zXbo%3D","Papergirl’s Wilderness Explorers Club","https://www.patreon.com/PapergirlGoods?utm_source=search","Go outside! Have Fun!","1,946 members","23 posts","2026-02-13T18:01:45.512Z","https://www.patreon.com/search?q=hiking%20club%20outdoor%20adventure%20group"
"https://c10.patreonusercontent.com/4/patreon-media/p/campaign/930202/334199e359da4dc0b98123d6cdc8624e/eyJ3IjoyNDB9/6.jpg?token-time=2145916800&token-hash=w1oNxp4DqqR2G_bGR90ITxnBoD1t0USTx9OWlrho3AI%3D","Darwin Onthetrail","https://www.patreon.com/darwinonthetrail?utm_source=search","creating Videos, Podcasts, Outdoor Media!","659 members","913 posts","2026-02-13T18:01:45.512Z","https://www.patreon.com/search?q=hiking%20club%20outdoor%20adventure%20group"
"https://c10.patreonusercontent.com/4/patreon-media/p/campaign/3746117/934cedfb309a4f1e83001cc08f5c02e4/eyJ3IjoyNDB9/3.jpg?token-time=2145916800&token-hash=1I0uDeqQz8cjsQ-9s2gLD2ClsVg-jLMX_6a-ALbdInM%3D","Kelly Hays Hikes","https://www.patreon.com/KellyHaysHikes23?utm_source=search","creating videos about hiking, van life, & everything outdoors!","365 members","611 posts","2026-02-13T18:01:45.512Z","https://www.patreon.com/search?q=hiking%20club%20outdoor%20adventure%20group"
"https://c10.patreonusercontent.com/4/patreon-media/p/campaign/150627/0b84169371a646b5ac0a2f61b5b8c4af/eyJ3IjoyNDB9/1.png?token-time=2145916800&token-hash=UeWwNJgDWepQeDfhSH4MrLZD7i1Ql5oAB0C07ouCQ_0%3D","The Outdoor Gear Review","https://www.patreon.com/TOGR?utm_source=search","creating entertaining adventures, honest gear reviews and more!","974 members","1,912 posts","2026-02-13T18:01:45.512Z","https://www.patreon.com/search?q=hiking%20club%20outdoor%20adventure%20group"
"https://c10.patreonusercontent.com/4/patreon-media/p/campaign/4915468/690d8470f6854ea985858c2b13bfcd8e/eyJ3IjoyNDB9/6.jpg?token-time=2145916800&token-hash=luqdZy8cYrRg7gaYpm2ghi09QdwB7ZHeFslFQ2xOHnw%3D","Scotty's Gone Walkabout","https://www.patreon.com/scottysgonewalkabout?utm_source=search","creating YouTube Videos","432 members","113 posts","2026-02-13T18:01:45.512Z","https://www.patreon.com/search?q=hiking%20club%20outdoor%20adventure%20group"
"https://c10.patreonusercontent.com/4/patreon-media/p/campaign/5748269/bc2a71f909994fe5b9211d095cbd42c1/eyJ3IjoyNDB9/6.jpg?token-time=2145916800&token-hash=R3k27FvmApO5A0i_YLEPPPPSqrkC3OFSHDhG9NNNv-U%3D","Cam Bostock","https://www.patreon.com/cambostock?utm_source=search","creating adventure videos","535 members","133 posts","2026-02-13T18:01:45.512Z","https://www.patreon.com/search?q=hiking%20club%20outdoor%20adventure%20group"
"https://c10.patreonusercontent.com/4/patreon-media/p/campaign/6418778/d827767622cb410aaf53c844f975cd2c/eyJ3IjoyNDB9/2.png?token-time=2145916800&token-hash=gfX0UPuv4eQdTJKgqx88u0MK8d8zZEnNfNV6FP8P1K0%3D","CandE Adventures","https://www.patreon.com/cande_adventures?utm_source=search","Creating Outdoor Adventure Entertainment","232 members","46 posts","2026-02-13T18:01:45.512Z","https://www.patreon.com/search?q=hiking%20club%20outdoor%20adventure%20group"
"https://c10.patreonusercontent.com/4/patreon-media/p/campaign/6438550/cb95136d8f5c41289d3a1e4c19913325/eyJ3IjoyNDB9/13.png?token-time=2145916800&token-hash=2vAYz8WlM4PCUxhlCBeuSBo84v74Qn4icnZz54Klmis%3D","International Gentlemen of Leisure","https://www.patreon.com/whiskeyrum?utm_source=search","Travel Group - for Men","","206 posts","2026-02-13T18:01:45.512Z","https://www.patreon.com/search?q=hiking%20club%20outdoor%20adventure%20group"
"https://c10.patreonusercontent.com/4/patreon-media/p/campaign/14137801/1c41edf189da4d59a50b6f7b62574bf2/eyJ3IjoyNDB9/3.JPG?token-time=2145916800&token-hash=gDfmSLpoItKSFYEy_BtCFpomm4bZbimhCoOBXRgIvPc%3D","Katieroams","https://www.patreon.com/Katieroams?utm_source=search","Camping, hiking & outdoor adventures","229 members","37 posts","2026-02-13T18:01:45.512Z","https://www.patreon.com/search?q=hiking%20club%20outdoor%20adventure%20group"
"https://c10.patreonusercontent.com/4/patreon-media/p/campaign/4774449/fb40644369e84a0b9b3199d42b7a5671/eyJ3IjoyNDB9/2.png?token-time=2145916800&token-hash=fHbbHGuP7t-4ljavIoHLLdT_yNS5ko-XOQcuuKgdkKE%3D","Road Dog Podcast","https://www.patreon.com/roaddogpodcast?utm_source=search","creating outdoor adventure podcasts","143 members","77 posts","2026-02-13T18:01:45.512Z","https://www.patreon.com/search?q=hiking%20club%20outdoor%20adventure%20group"
"https://c10.patreonusercontent.com/4/patreon-media/p/campaign/370919/d91be294915149e087d3ca6decc0e715/eyJ3IjoyNDB9/3.jpg?token-time=2145916800&token-hash=bsK3SgYy0qcf3C4T5ZM2NsOPrKWRmszzQdfHh7bA6XQ%3D","Syren Nagakyrie","https://www.patreon.com/syren?utm_source=search","creating Disability Community and Justice in the Outdoors","78 members","198 posts","2026-02-13T18:01:45.512Z","https://www.patreon.com/search?q=hiking%20club%20outdoor%20adventure%20group"
"https://c10.patreonusercontent.com/4/patreon-media/p/campaign/668222/64eeaccc457b4df8b21b220f3ce2c5ee/eyJ3IjoyNDB9/2.jpg?token-time=2145916800&token-hash=clO9CaAQ5uVFlgDhJJi-YC-W8L9HnRb5x99JfqoUaz0%3D","Carolyn's RV Life","https://www.patreon.com/CarolynsRVLife?utm_source=search","videos about solo travel and living life authentically","","2,271 posts","2026-02-13T18:01:45.512Z","https://www.patreon.com/search?q=hiking%20club%20outdoor%20adventure%20group"
"https://c10.patreonusercontent.com/4/patreon-media/p/campaign/10401948/47eec5af1ea54110b43aa0bcf2c19c6a/eyJ3IjoyNDB9/14.png?token-time=2145916800&token-hash=IJTXwsdUR5K-THvOFzfJYQqsCLIe22O0IiTF56n2rlM%3D","Off the Trails Podcast","https://www.patreon.com/offthetrailspodcast?utm_source=search","Where Nature Meets Nightmare","161 members","280 posts","2026-02-13T18:01:45.512Z","https://www.patreon.com/search?q=hiking%20club%20outdoor%20adventure%20group"
"https://c10.patreonusercontent.com/4/patreon-media/p/campaign/13490836/0b8f6a8ed6ee4252b3dd8311994ca944/eyJ3IjoyNDB9/2.jpg?token-time=2145916800&token-hash=yg8NGs7eXwdBDXhhOUr7seOE37w8aqM9LBaU6IMkhpU%3D","walkinggirll","https://www.patreon.com/walkinggirll?utm_source=search","Walking and hiking community","","57 posts","2026-02-13T18:01:45.513Z","https://www.patreon.com/search?q=hiking%20club%20outdoor%20adventure%20group"
"https://c10.patreonusercontent.com/4/patreon-media/p/campaign/5293095/1e03f7e0f07041de9dfda8b4e0684582/eyJ3IjoyNDB9/6.jpg?token-time=2145916800&token-hash=LWmmXRoUcsTR-b6vWoU0JJsosvlhnQzktgna2pz6ux8%3D","Cody & Kellie","https://www.patreon.com/Dome_Life?utm_source=search","Creating YouTube videos about travel and outdoor adventure","464 members","142 posts","2026-02-13T18:01:45.513Z","https://www.patreon.com/search?q=hiking%20club%20outdoor%20adventure%20group"
"https://c10.patreonusercontent.com/4/patreon-media/p/campaign/1392713/83543937cfa04d00b2b5ff39b8aeb9ed/eyJ3IjoyNDB9/5.jpg?token-time=2145916800&token-hash=WiN_Ns_CNKBdS9-X46c1fnoksIVT2zlQVIG6PWbswaQ%3D","Girl Outdoors","https://www.patreon.com/girloutdoors?utm_source=search","creating Outdoor Adventure Videos For The Wild People","622 members","331 posts","2026-02-13T18:01:45.513Z","https://www.patreon.com/search?q=hiking%20club%20outdoor%20adventure%20group"
"https://c10.patreonusercontent.com/4/patreon-media/p/campaign/5769610/8b5316d529b242a3859230f6335e511f/eyJ3IjoyNDB9/4.jpg?token-time=2145916800&token-hash=x1h2QV1O03Wy9zFWJzM_PH8pRTfKmPHzhaDY5--w9Nk%3D","Matthew ""Masochist"" Hengst & Jen ""Tasty Taters"" Blackie","https://www.patreon.com/FirstChurchOfTheMasochistHikes?utm_source=search","creating long distance hiking, diving, and paddling videos and w","131 members","140 posts","2026-02-13T18:01:45.513Z","https://www.patreon.com/search?q=hiking%20club%20outdoor%20adventure%20group"
"https://c10.patreonusercontent.com/4/patreon-media/p/campaign/12043017/36f294ebc7674ce087152ab7fff86475/eyJ3IjoyNDB9/2.png?token-time=2145916800&token-hash=vbjl6xR32FM-JLSkef8pkj5FDl2jplJSLqSkCnjuN9o%3D","Rambling On","https://www.patreon.com/RamblingOnIreland?utm_source=search","Outdoor Adventure Content","","24 posts","2026-02-13T18:01:45.513Z","https://www.patreon.com/search?q=hiking%20club%20outdoor%20adventure%20group"
